pred_valence,pred_arousal
-0.02219171,0.44503915
-0.4947223,-0.44565606
0.3150338,0.6228962
-0.11768754,-0.4164973
-0.9681123,-0.40607944
0.054274984,0.66288656
-0.30882537,0.46977884
-0.45037463,0.63225305
-0.08758633,0.5569034
0.9800992,0.45046028
-0.43473643,-0.39423352
0.6317046,0.6875468
-0.47963852,0.004972372
-0.6443937,-0.5495763
-0.77616644,-0.6602973
0.1096706,0.051864773
-0.6111951,0.625259
-0.39610368,0.41187224
-0.07721834,0.3803414
-1.0681533,-0.3399512
-0.14065614,0.54967034
0.4329332,0.5102396
0.2667406,0.32803312
0.03731422,0.12015417
-0.61776024,0.5389563
0.013369381,0.8225734
0.21389729,0.4963583
-0.23999092,0.71056384
0.16077164,0.75474226
0.31743497,0.54122853
0.62851554,0.72739196
0.15873352,0.73488295
0.3577166,0.5929858
-0.30675998,-0.20133983
-0.87845564,-0.6254742
0.6394995,0.40294054
-0.035098307,0.56061167
0.12320669,0.49558002
-0.8689727,-0.1333031
-0.25410283,0.5373642
0.049930498,0.057840604
-0.34832767,0.38263386
0.027678587,0.5339697
-0.84526443,0.22092271
-0.31370804,0.16299546
-0.43785805,0.27464235
-0.47724727,-0.16990967
0.26020932,-0.06883528
0.19073667,0.54636204
0.15518242,0.59624386
-0.47825614,-0.19984733
0.2866858,0.13673186
-0.3587728,-0.12559235
0.19246453,-0.16507329
0.5673098,-0.18067032
0.075891085,0.4137941
-0.6991282,0.38071224
-0.5508597,0.5751393
-0.13440403,0.4987278
-0.10049205,0.061580323
-0.092469,0.25859386
0.33697104,0.14989494
-0.6563309,0.40942416
-0.5245028,0.3246669
-0.8343205,0.25735748
1.1610816,0.23870373
0.5074595,0.728085
-0.51956755,-0.00984025
-0.17352524,-0.2847824
0.74804485,0.5040201
0.11535135,0.07213918
0.041823998,0.23754476
-0.23495817,0.3422981
-0.20972738,0.012396336
-0.19597562,0.2781373
0.38229632,0.93281144
0.021380432,0.6656441
0.2656155,0.9661336
0.32160687,0.2700831
0.42248693,0.5612623
-0.53919834,-0.2073999
0.30429146,0.58933234
0.20481208,0.79503334
-0.32377115,0.058950476
-0.7632817,-0.2721334
-0.39323187,-0.0009211134
0.38459438,0.14058328
0.6497052,0.60146075
-0.51674426,0.53027034
-0.1741499,0.6614006
-0.09609022,0.42704886
-0.46158522,-0.13209012
-0.71151286,-0.5068351
-0.09224727,0.39641958
-0.3518511,-0.30285257
0.6329503,0.27088922
0.2930428,0.5152336
-0.45993924,-0.1514807
-1.0830796,-0.54629976
-0.8849159,-0.3458277
-0.75651,-0.38375932
-0.41262677,-0.4204775
-0.01692646,-0.124774724
-0.28058463,0.2212915
0.21722662,0.27468142
0.40693596,0.5487106
-0.0058318526,0.044184595
-0.7790011,-0.4222839
0.0779725,1.0682101
-0.9590828,0.7361985
-0.5312084,0.8363109
0.18022217,0.46824747
-0.04413692,0.07591309
-0.90672475,0.36249208
1.1198945,1.2494705
-0.5356791,0.4866028
-1.0634401,-0.12212636
-0.63794744,-0.0522646
-0.061161317,0.52355427
-0.36157328,-0.22181268
-0.47930458,-0.0019164085
-0.55497396,0.2911433
-0.1262509,0.42699283
-0.4083351,-0.4740432
0.22726476,0.25461486
-0.4481461,-0.017724365
0.8549579,1.0990896
0.1353885,0.32240433
-0.46630365,-0.50297725
-0.58469427,0.47986066
0.88587064,0.6538603
-0.15442531,0.62508094
1.1589941,0.9147939
0.61848,0.65807945
-0.08410039,0.33434838
-0.8421663,0.6202454
-0.4109003,0.5460084
-0.33352226,0.77589715
0.059451994,0.7608081
-0.07612162,0.23027742
-0.24075675,0.09763233
0.1826345,0.2096891
0.41320652,0.4065746
0.90836674,0.47994572
-0.71444446,-0.29059035
-0.16425407,0.16895144
-0.061172962,0.5383738
-0.3433824,0.077040665
-0.13689178,-0.3649559
-0.24229741,0.6690072
-0.7478391,-0.26857096
-0.40312707,-0.32117027
-0.11493418,0.5039363
0.06843014,0.2949579
-0.6323908,0.471658
-0.27766725,0.4305196
-0.2827068,-0.49209037
-0.54396206,-0.14719512
0.084566556,0.4205435
-0.802767,-0.6632534
0.87864035,0.54113215
-1.0952337,-0.70320946
-0.20402226,0.08576949
-0.5405937,0.44481063
-0.7397277,0.33083567
-0.07184611,-0.34684223
0.43908837,0.44661227
-0.39009398,0.091664955
-0.030305624,0.2071546
-0.14650252,0.10180161
-0.43288642,0.2724629
0.12652868,0.3081492
-0.21568441,-0.13697103
-0.06779285,0.24398878
0.12269002,0.6262064
0.74087775,0.53414404
0.062177286,0.403788
0.32001072,0.73717594
0.26611057,0.67897487
0.30540222,0.73237747
0.37510186,0.55699265
0.85582757,0.46947125
-0.66325825,0.22334163
0.12780014,-0.100832194
-0.47030273,-0.29429084
0.7738511,0.63298976
0.46217862,0.20986226
-0.682243,-0.53052354
0.894165,0.5938255
0.165876,-0.0012071505
1.1491693,0.57170737
0.31736645,0.11536272
-0.92136973,-0.4095804
-0.3797964,0.26039544
0.83136135,0.09276598
-0.0016271919,-0.50794744
-0.40264267,-0.2312298
0.049336776,0.30917963
0.031240411,-0.39799982
-0.11723472,-0.041568607
-0.43875855,0.3706689
0.6702932,0.24109535
0.22909243,0.15851375
0.18732992,0.2763991
-0.2125921,-0.24452433
0.37390175,0.7500091
-0.7846947,0.53842366
-0.25661084,-0.14578271
0.081503384,0.48005876
0.12525532,0.30639568
-0.5510912,-0.24252182
-0.53057665,-0.03765721
-0.037082948,0.18786544
-0.82560277,-0.32604066
0.5317031,0.5576457
0.6654216,0.27676737
0.17409685,0.66669244
0.6926653,0.3526731
-0.38436544,-0.3231481
-0.767827,-0.36055848
0.23551449,-0.05868607
-0.6289951,-0.5669081
-0.20760363,0.7530194
0.44775957,0.629598
0.01733002,-0.032934308
-0.55426437,-0.321466
-0.45639068,-0.25084013
-0.46783617,0.56607723
-0.48689345,0.112915
0.118115336,0.4768393
-0.27710757,-0.21800151
0.6279826,0.7275275
0.6756744,0.11375671
-0.59889454,-0.21914387
-0.5585414,-0.30162454
-0.08490214,-0.30419698
-1.076757,0.18652019
-0.3304262,-0.15883124
-0.35099563,-0.3202961
-0.8021236,-0.16935544
-0.9049205,-0.35458508
0.2569781,0.10114498
-0.27681592,0.44140962
-0.42164248,-0.37813658
-1.0566556,-0.9540781
-0.095652625,0.39923847
-0.20715475,-0.08131913
-0.5237193,-0.32344538
-0.41591805,-0.2563381
-0.057064578,-0.6439144
-0.4477547,0.38441777
-0.33891222,-0.37428072
-0.5913181,-0.11822216
-0.67647606,-0.8394695
-0.75905454,-0.5116561
-0.38131326,-0.36135435
-0.4650803,-0.25241286
-0.6000391,-0.36952537
0.25029027,0.82666683
-0.6250277,-0.6113841
0.12011803,0.48387605
0.7252761,0.36732766
1.1038973,0.5637941
0.8833518,0.8753459
0.43743896,0.5927621
0.66752946,0.57423806
0.6028148,0.5550343
0.28348547,0.2710178
0.3030464,0.23804402
-0.47306657,-0.3264628
-0.037851833,0.473208
0.8067509,0.64334095
0.010006309,-0.14306274
-1.1081657,0.5111744
-0.64718413,0.054843128
0.39001703,0.7130557
-0.07835473,0.019581057
0.242363,0.24167052
0.3004487,0.59775466
0.056391,0.27146235
0.30289304,0.5006337
-0.3295661,-0.122798845
0.13566676,0.19251601
0.43125027,-0.22798562
-0.05536314,-0.5802947
-0.033861667,0.45558125
-0.450537,0.49213234
0.13873875,0.57551163
-0.5874208,-0.06246578
-0.17040396,0.64308035
-0.4262524,-0.40740123
0.58254594,0.7703093
0.8967052,0.8812878
-0.21201795,1.036051
0.5487206,0.91080445
-0.101774916,0.41491932
-0.2722216,-0.43618497
-0.08216804,-0.29838908
0.054637864,0.12993717
0.55901283,-0.51576424
-0.34681523,-0.008508027
0.494595,-0.022732323
0.0047761537,-0.50790477
0.03849726,-0.35895857
-0.41180545,-0.75010073
-0.48282292,-0.8145617
1.0471675,0.9878993
0.08732603,0.77695525
0.057328895,0.38366783
-0.57788193,0.76042014
0.22929314,0.848385
0.3092522,0.685243
0.42705244,0.9227509
-0.17167422,0.29249048
0.26807958,0.21815735
0.1616351,0.28959602
0.014624111,-0.13697222
-0.43486062,-0.31698537
1.1986542,0.69877756
-0.31561747,-0.6259105
-0.66951,-0.6999664
0.28455496,0.3374327
-0.08084996,0.23053369
0.5209038,0.44171017
0.34493044,0.75511014
-0.2960765,0.43905443
0.56161636,0.6696824
0.13324209,0.12842041
0.40050247,0.9681713
0.7422719,1.0602905
0.31191254,0.70207834
-1.0768296,0.49537143
-0.339368,0.16422704
0.041001342,0.68078476
-0.14126441,0.8598951
-0.5958331,-0.16394708
0.23927087,-0.3075486
-0.18947223,-0.15091102
0.17554611,-0.11579223
0.19211543,-0.013623349
-1.3919979,0.0845757
-0.02572187,0.17485845
-0.20220342,0.040713727
-0.4964561,-0.42596743
-0.6941836,-0.37803358
-0.31611353,0.727765
-0.17240314,0.38862622
0.017461628,0.8069118
0.5337041,0.6408817
-0.13776332,-0.19620088
-0.36461514,-0.27091813
-0.04637813,0.62875044
-0.2765789,-0.41515496
-0.5466188,-0.495004
0.15993166,0.0017598532
-0.52232015,-0.045725558
0.08072807,0.23371033
0.35621536,0.57976943
-0.016558677,0.91937214
0.4927485,0.016907431
-0.25220072,0.07608231
0.34577882,-0.1384228
0.010211483,-0.08833636
-0.3074963,-0.16136898
0.6019557,0.71476203
-0.3096733,-0.0858337
0.77345294,0.73873574
-0.47938594,0.61499506
-0.0991273,0.40049765
0.09502022,0.5283862
0.77318347,0.3818367
-0.6199462,-0.09429495
0.06854176,-0.091903485
0.6343043,0.624749
-0.24909362,0.94912124
-0.73091567,-0.06357509
0.764794,0.3705085
-0.069346115,0.18855342
-0.42663395,-0.28367817
0.025853626,0.2788993
-0.6441008,0.15310986
-0.19445863,0.4736194
0.3588342,0.50754035
-0.5787771,-0.3605232
0.2025077,0.2592433
0.02377835,0.18265551
0.48654136,0.51161504
-0.41618967,-0.36167848
-1.237216,-0.5410053
-0.232426,0.63843256
-0.05934611,-0.24464622
0.028567865,-0.17355841
0.52061206,0.84207785
0.03935148,0.6367232
-0.21146196,0.49226394
-0.6219499,0.40677658
-0.52273875,-0.459337
-0.3002562,0.045444597
0.6777437,0.5557193
0.8189139,0.67594886
-0.8621579,-0.063025266
-1.1917926,-0.4276961
-1.0724471,0.6321176
-0.475334,-0.76982665
-0.5519672,0.16944328
0.3949595,0.3043546
0.2274222,0.40889877
0.3470047,0.4424399
-0.45213777,0.7256757
0.0019686595,-0.27239144
-0.64172596,-0.28097644
-0.40589294,-0.23206988
-0.5623928,-0.19900127
0.02421835,0.507259
-0.45909894,0.2945268
0.28799286,0.742934
0.40294084,0.65239936
-0.116733976,-0.4297884
0.6704736,0.7345982
-0.92228866,-0.47511828
0.035160437,-0.014902085
-0.43383783,-0.0015140995
-0.022869587,0.01819713
0.06892396,0.42648965
0.06959187,0.11771983
1.0681769,0.2594086
-0.031886145,0.501171
-0.045860082,0.59079736
1.2563664,0.14413099
-0.49636942,-0.42646646
-0.4426897,0.5027987
0.2813377,0.35711434
-0.8089808,-0.45266676
0.6153294,0.5020408
0.45705518,0.6049948
-0.3405408,0.374192
-0.30770954,0.08525745
0.06862948,0.074067935
-0.5448651,-0.51688725
-0.9408802,-0.49022895
0.65761125,0.87046826
-0.04933753,0.5425152
-0.5507562,0.06825237
0.52469647,0.7063317
0.075063944,0.17020848
0.11054337,0.53758025
0.578022,0.6396346
0.31424356,0.63967353
0.49513605,0.20777589
-0.24853566,0.04711116
0.00053702295,-0.13925502
0.35598147,0.33284372
0.03801673,0.54707295
0.11921388,0.35731512
-0.04245171,0.5604581
0.3329298,0.3648076
0.15316567,0.10708761
-0.43730575,0.33749577
0.21981105,0.76419246
0.118235305,-0.21274884
-0.25166872,-0.4505239
0.16816211,0.6280017
0.2705524,0.4221391
-0.30934405,0.2477403
-0.5379591,-0.2987483
-0.047010675,0.56457204
-0.90724295,0.45080546
-0.37645888,-0.24844594
-0.21907759,-0.03068962
0.23679271,0.33276188
-0.1589309,-0.08365804
-0.5043111,0.76973194
-0.22918662,0.6259485
-0.62685156,0.61303633
-0.65282625,1.0006315
-0.12145715,0.19462582
-0.19958279,0.65264297
-0.15145363,0.23830688
0.070460886,0.69694734
-0.17002797,-0.053918682
-0.19645679,0.5423111
-0.030745238,0.49651566
-0.1880396,0.83714026
-0.2605822,0.17585592
0.08424713,-0.031301886
0.45993954,0.7914205
0.0754004,0.71983933
0.13470212,0.74736696
-0.46980503,0.15466207
-0.17662403,0.31037447
-0.15471166,-0.080542535
0.3828637,0.42312875
0.55491227,0.82763934
0.6603573,0.40957767
0.8060375,0.81658643
0.21487729,0.48362467
0.031317122,0.84692436
-1.0959115,0.5445661
0.02920638,0.8688091
-0.25227958,0.55501026
0.12385658,0.56380606
0.12567605,0.5276851
-0.6402861,0.12532797
-0.035440348,0.4895192
-0.08786503,-0.13900858
-0.59200567,0.47181892
0.07726953,-0.20464514
0.17079422,0.1769172
-0.27424258,-0.20623374
0.08683961,0.33102643
0.5638103,0.084094554
0.14581808,-0.055841736
-0.063714705,-0.013966214
-0.32952246,-0.251656
0.23477086,0.08145559
0.30166766,0.18047819
-0.6232177,0.1543911
-0.96532434,-0.48114803
-1.2437147,-0.381457
0.24644789,0.30661777
0.9039998,0.57586336
0.08725344,0.13502362
0.8268786,0.45838508
0.5599638,0.5980562
0.060640134,0.27394125
-0.09160716,-0.086295955
0.5296419,0.54396117
0.44453362,0.6201178
-0.89668465,-0.3362457
0.41395926,0.17047425
-0.18012622,0.07220883
0.49278417,0.53143656
0.54355013,0.86206675
0.19462311,0.35282934
0.6330717,0.3058889
1.0613542,0.8055306
-0.20148587,0.4270512
-0.41262808,-0.26611215
-0.06679213,0.08677499
-0.58197314,-0.53076017
-0.08194398,0.58485675
0.024966478,0.48955703
-0.5508978,0.1563323
0.531771,0.064429715
1.1862953,-0.06387667
-0.009536341,-0.424781
-0.70538205,-0.46362513
-0.6469117,0.37315696
-0.70541126,0.66430277
-0.4090996,0.34188133
0.0041578636,0.3000318
-0.8186068,0.39355454
-1.3150088,-0.76344275
0.9728151,0.7340267
-0.19204119,-0.33695212
0.75435054,-0.31005937
0.5058543,-0.059616737
0.5998653,-0.3083617
0.47217995,0.068856224
0.1309619,0.24109668
0.4518615,-0.05702708
0.28674814,0.16051258
-0.005070254,-0.45691946
-0.18069962,-0.022092547
0.41234627,0.6406964
0.020190433,0.4938776
0.4863828,-0.3203702
-0.15902263,-0.24011368
0.06837606,0.39007375
0.27351794,0.5428254
-0.38724375,-0.51753354
0.13275166,0.45736572
-0.18309473,-0.10918246
-0.047413602,0.12835002
-0.64714193,-0.58897483
-0.36289203,0.3537761
-0.690705,-0.27105078
0.1323766,-0.15183643
-0.32812798,-0.07741336
0.19662765,0.15697694
-0.7899974,-0.27529195
0.11780453,0.31796554
0.2613188,0.69684774
-0.806582,0.23497203
-1.1583433,0.19923247
0.26282254,-0.10343313
0.46797782,0.86309856
-0.38518262,-0.23661055
-0.6166609,0.45960808
-0.5962314,0.5887407
0.28793335,0.458978
-0.3596961,0.2846531
-0.33909163,0.39743304
-0.57091767,0.27421975
0.35586298,0.029940564
-0.23367876,-0.32636023
-0.12132867,0.25349092
-0.61154604,0.7887524
-0.87244546,-0.17000602
-0.040886737,0.13471961
-0.30538848,0.5149073
0.417431,-0.10617119
-0.2918283,0.18244724
-0.31006145,-0.773218
0.07170781,0.03224538
-0.17387596,0.06913452
-0.16961844,-0.17698936
-0.16200003,-0.14657791
0.5219716,0.19385365
0.032595426,0.5772281
0.15790696,0.29826006
-0.35733104,0.20332289
-0.4233909,0.8179244
-1.0566224,-0.19868201
-0.7372631,0.5281731
-0.04775931,0.46360815
-0.7284597,0.06970884
-1.3948646,-0.84218234
0.18576728,0.24039403
0.07076928,0.26414102
1.1217132,0.97447103
0.14147851,-0.31111148
-0.61663806,0.40382656
0.19704388,0.27683648
0.7434727,0.4557622
-0.3903089,0.5022349
-0.03079503,0.48866683
0.07199944,0.59838015
0.15220696,0.4703074
0.33255893,0.65309066
0.03517764,-0.43355635
-0.7391644,0.09473732
-0.6608852,-0.60773057
-0.33787197,-0.62251747
-0.12500378,0.096977934
0.23744962,0.27560657
-0.70480883,0.37948877
-0.34361058,0.57646674
0.041776054,0.20142528
0.69299734,0.84054697
0.6285533,0.33554792
0.23518741,0.16620862
0.27647215,0.5577502
0.23407048,0.21781805
0.6504987,0.8288489
-0.32916877,0.44285303
-1.049298,-0.09009285
0.20751925,0.8215063
-0.12267613,0.18462268
-0.26912472,-0.18097827
0.46768528,0.2676123
0.7027216,0.5873426
-0.7532592,0.3536874
0.22937833,1.0014304
-0.19227052,-0.10903515
-0.06447114,0.6618516
-0.6309867,0.53964615
-0.0897779,0.34652448
0.072191246,0.43772903
-0.18200053,0.31378192
-0.32121396,0.62031215
0.3383767,0.750375
0.0008432567,0.55386376
0.651628,0.7977619
0.5180303,0.39441767
0.2976966,0.63408494
-0.22664098,0.04032563
-0.5237291,-0.26302463
0.36584863,0.30888683
-0.7378453,-0.1483911
-0.33624104,0.5232319
-0.023629352,0.6750901
0.41528344,0.46565983
0.6861285,-0.016406437
-0.3148816,-0.50570434
0.52088255,0.23837024
0.28237104,0.03701033
0.2668816,-0.013964554
0.01241146,-0.23871021
0.51942164,0.97539186
-0.22802004,0.37144282
0.36691117,0.9822054
-0.108281545,0.65117073
-0.3127149,0.007862372
-0.52224284,-0.32290563
0.048347846,0.1308203
-0.1632433,0.43602738
0.6025324,0.648654
-0.50722367,-0.51140904
-0.064194754,0.6458537
0.12698236,0.02300154
-0.43368047,0.09708977
-0.45273107,-0.46482506
0.08519964,-0.06432532
0.16352412,0.14707972
-0.5912537,-0.37249953
0.16604793,0.68846333
0.5226223,0.41990942
0.45210862,0.442822
0.19737369,0.6246417
-0.43482733,-0.16648151
-0.43802038,-0.78619176
-0.84634805,0.40418264
-0.3853795,0.42210272
-0.8097316,0.16116798
0.059219196,0.47933653
-0.28644207,0.08942228
-0.012321629,0.10085999
0.5851506,0.07321365
0.57429034,-0.095398895
0.48819184,0.020694975
0.24988441,0.45616853
-0.63853765,-0.10187163
0.3321486,0.14292774
-0.64403594,-0.4865474
-0.7818208,-0.41551822
-0.79056376,0.1698492
0.64424205,0.20170891
-0.4909129,-0.3089044
-1.033251,-0.2124671
-0.50635827,0.6534175
0.37013477,0.7505346
0.48894957,0.11818142
0.5738073,0.5590284
0.40693688,0.5074966
0.2207117,0.4009138
-0.36552113,-0.4543543
-0.25392154,0.5744838
0.22157162,0.09381434
-0.26116383,0.19136442
0.42164147,0.19185214
-0.2344003,0.27685922
0.22680849,0.11278048
-0.015237749,0.34268856
-0.12830853,0.1980351
0.18051559,0.6145967
0.41315517,0.2681447
0.22737342,0.16523534
-0.77274036,0.23425701
-0.3343658,-0.220016
-0.7873088,-0.19339857
0.77656096,0.77493614
0.50829065,0.7533731
0.16230112,-0.2710668
0.08890956,0.74543625
-0.6065781,0.40684688
-0.2251955,0.12232372
-0.4581164,0.41437936
0.027552336,0.2676058
-0.43132445,0.15896726
-0.5554086,0.6852449
-0.57788503,0.4477622
-0.5083543,0.17249517
-1.2596858,-0.09323041
-0.8560008,0.5314065
0.32668355,0.43512243
-0.18721491,-0.1858015
0.7482526,-0.22532493
0.44769776,-0.2801559
0.27518976,0.5858499
-0.6362309,0.29509193
-0.23469615,-0.44982898
0.109098285,-0.21952051
-0.0047954246,-0.19918191
-0.066246994,-0.48660624
-0.36484542,0.17325929
0.05383294,0.66708326
-1.0443932,-0.07011428
1.0112838,0.5135582
-0.4305321,-0.27646446
-0.5461847,-0.6197067
-0.021205232,0.15137331
-0.5433273,-0.11607984
-0.32341868,0.6878349
-0.530733,0.6200654
0.021383941,0.42515543
-0.48266035,0.34480453
-0.3220299,-0.04880276
-0.3002197,0.17653766
-0.8911545,-0.51957077
-0.38026986,-0.44961712
-0.07874531,-0.16791488
-0.28533462,-0.31217468
-0.31331795,-0.5499773
-0.04125806,0.4696524
-0.22080265,-0.93329036
0.5892915,0.18409006
-1.3508918,-0.65419745
0.33395967,-0.42672035
-1.0878963,-0.37387276
-0.4800097,-0.1996106
0.41250333,0.2991826
-0.46697363,-0.10588126
0.84468573,1.0168495
0.038686357,0.1683687
0.32441634,0.18516932
0.47125196,0.31975198
0.21267352,0.0614542
0.016526707,0.5362593
-0.96673983,0.20006764
-0.67089874,-0.1934603
-0.06596392,0.20250827
0.9813205,0.07064502
0.08045017,0.1681613
-0.7281945,0.0442878
0.023514286,-0.105603114
0.5021167,0.18398222
0.14969537,0.28799862
-0.8070098,-0.3801232
-1.2047516,0.28479466
0.92708814,0.94250727
0.5291654,0.7152447
-0.6113312,0.24088895
-0.2691567,-0.08102368
0.23672205,0.5672105
-0.397076,0.27487928
-0.50767094,0.1806401
-0.18217555,-0.036455136
-0.118058726,0.27779394
0.24462357,0.5260108
0.012032993,0.20374146
-1.2147849,-0.120858
-0.12876105,0.19611987
0.7507796,0.17037517
0.3152995,0.3158581
1.0988307,0.97345614
0.13170187,0.3768186
0.015018843,0.21472073
0.6500986,0.3414844
0.08343094,0.5713379
0.08391015,0.5514031
0.52321637,0.7511617
-0.57332426,0.4229958
-0.28904998,0.8588618
-0.35553417,0.6649241
0.1081565,0.33217016
0.24708176,0.112328365
-0.33867535,0.12796609
-0.4484369,0.0052141994
-0.5219621,0.47908622
-0.37160942,-0.70753384
0.3479808,-0.021176718
0.61369866,0.4801275
0.25122434,-0.27104303
-1.0522131,-0.6589075
-0.73039824,-0.19387141
0.39198932,0.67816174
-0.55808026,-0.25533605
0.5149715,0.32709974
-0.016767055,-0.02089943
-0.22486167,-0.2990028
-0.32150385,0.87910855
-0.40583602,0.109953135
-0.26888573,-0.097236246
-0.83915067,-0.2920072
-0.8279091,-0.37217596
-0.16920577,0.10963151
0.34573942,-0.06156461
0.61079115,0.032391455
0.1523382,0.48212397
0.064191625,0.80336756
0.48664182,0.12466101
-0.38687828,-0.6709028
-0.46135736,-0.51383466
0.011844717,1.0229142
-0.2550276,0.4243473
-0.18782827,0.5641341
-0.75074404,-0.058727205
-0.067317516,0.37556913
-0.4173144,0.61271787
-0.2095818,-0.16089542
-0.20673662,0.37675038
-0.78622144,0.36062562
-0.3181767,0.1905002
-0.68050337,0.5476264
-0.076061234,0.3877755
0.20498797,0.74320745
-0.5004929,0.42236242
-0.07611655,0.4954203
-1.1673806,-0.5041527
-1.2305409,-0.31356165
-0.7184694,-0.39702547
-0.48332778,-0.4393437
-0.29874325,-0.64466715
-0.54765826,-0.72113717
-0.95239013,-0.50540036
-0.45317325,-0.24658772
0.28690732,0.049840063
0.37153038,0.3112711
1.1629837,0.7213922
0.31401998,0.5632348
0.22305508,0.2493646
-0.16484141,0.1520569
-1.4503623,0.36535007
-0.6445928,0.4335244
-0.24486065,0.556321
0.29771304,0.21487585
-0.035345085,-0.19215018
-0.52855253,0.110341206
-0.0036588311,-0.051019885
0.43657473,0.025966521
0.63160443,0.1691067
-0.3334518,-0.28971824
-0.35533795,-0.15876311
-0.3582995,-0.1943689
0.22339852,-0.10950126
-0.5669341,-0.17423494
0.3688751,0.70538425
-0.2883423,0.2732092
-0.379341,0.6709417
-0.40384826,0.42529288
-0.8590545,0.2514028
-0.078733675,0.6209303
-0.22282618,0.27749115
0.33966884,0.75517464
0.033109985,0.39153877
-0.26773757,0.32416534
0.24607018,0.059965104
0.6172999,0.3763885
-0.5689546,0.19916478
0.71505326,0.35871178
-0.80989236,-0.21795124
0.3233836,0.04092214
0.20105761,0.040908795
0.6295419,0.17513493
-0.52350855,-0.0046173036
-0.6478882,-0.21721631
-0.46159226,0.58313656
-0.7005504,-0.03904225
-0.20525979,-0.37588486
1.2060273,0.46900666
-0.7540758,0.40590188
0.31831485,0.5540856
-0.3142288,0.2135849
0.60160244,0.5130384
0.28290957,0.29900712
0.15680835,0.52334523
-0.018291965,0.55036575
0.35082102,-0.19959329
0.72986466,0.471408
-0.43976152,-0.6284602
0.3327233,0.7856701
-0.6163173,-0.1521187
-0.64652765,-0.25278765
0.16023782,-0.055712514
0.13322836,0.029292274
-0.083089806,-0.10577956
-0.2651726,-0.030521965
0.5987639,0.1857699
0.36517105,0.32861707
0.30291533,0.02652499
0.17305975,0.7299484
0.8106154,0.6597716
-0.5128304,0.46466747
-0.5031664,-0.20637506
0.4478838,0.8835274
-0.41834143,-0.5352112
-0.7540668,-0.36190033
-0.38831577,0.026129626
0.22663417,-0.011791749
0.21269321,-0.45952892
-0.26205018,-0.59308267
-0.099587634,-0.13062349
-0.67491186,-0.9500533
-0.13015813,-0.5246992
-0.6909653,-0.99169415
-0.9424246,-0.38606438
-0.19023228,-0.48041895
-1.1650594,0.02506944
-0.6970753,-0.5167413
-0.79440975,-0.46197328
0.4825158,0.09365833
-0.50490886,-0.21223098
-0.769017,-0.5252896
0.55493444,0.3412211
-0.15324157,-0.06545235
-0.4827963,0.47142726
0.06058924,0.50607955
0.6437899,0.18419813
-0.0619061,0.8799801
0.21919435,0.38233748
0.24513821,0.17220321
-0.21271203,0.60222304
-0.09171149,0.3546728
0.53712803,0.6821115
0.14757946,0.8067942
0.120412394,-0.02481328
-0.3444271,-0.52891636
-0.16455604,-0.008355044
-0.7586739,-0.17374092
-0.33695883,0.4272265
-0.17767438,0.28726655
-0.29323357,-0.06849043
-0.28848457,-0.5679567
0.41992873,0.10363904
-0.31884566,0.09214714
-0.058425747,0.17135182
-0.014146335,-0.34149972
-0.6900237,-0.44994807
0.61565816,0.6386657
0.23214094,0.4878317
-0.3226545,-0.01360555
-0.60378563,-0.3841975
-0.072101966,0.40815133
0.1657477,0.19042602
-0.3519496,0.61508495
0.36720127,0.74397075
-0.255924,-0.25965807
-0.459847,-0.41789186
-0.2450693,-0.179453
-0.57632387,-0.2892292
0.2964977,-0.3054291
-0.33227202,-0.47275934
-0.11250728,-0.7155345
-0.13583724,-0.42872402
-0.21879233,-0.39541614
-0.594743,-0.49682188
-0.62070054,-0.00022593513
0.59323734,0.40132663
0.06480799,-0.3279996
0.96563333,0.70907027
0.15567085,0.50376457
0.44294825,0.8805799
0.6137489,0.9244594
-1.2089849,-0.88100713
-1.4390467,0.078039795
0.045690157,0.8116927
0.12797561,0.63518035
0.07578594,0.02029099
-0.34574333,-0.47460434
-0.837083,0.49361843
0.1623882,0.060604833
-0.49849594,-0.23873617
0.26342982,0.1403433
0.62098664,0.46205088
0.7210495,0.29650643
-0.2590908,-0.25012252
0.115927085,0.74939007
-0.34212768,0.24648
1.027157,0.83916694
0.80774844,0.7719482
-1.4358895,-0.6111358
0.10290433,-0.40103686
-0.06416788,-0.2588666
-0.12792867,-0.24613672
-0.5158545,-0.81567764
0.65943384,0.8113575
0.72208023,0.19564563
0.3790039,0.53543776
0.46700585,0.31248438
0.30208787,0.12332632
0.6045623,-0.22637178
0.8358974,0.87279564
0.75209665,-0.06375024
-0.023361027,0.2010252
0.1940088,0.5318608
-0.2037927,0.39323744
0.2440379,0.4195322
-0.09935147,0.09305824
-0.55947995,0.741929
0.121220596,0.6849682
-0.31453758,0.275382
-0.4561867,0.12192379
-0.7188391,-0.5189059
0.16875672,0.90382767
0.20398797,0.09872298
-0.3471386,0.719467
0.18042456,-0.14742596
-0.20193663,-0.023094252
-0.071254924,1.1116201
-0.04862447,0.041791204
-0.6781278,-0.13659517
0.16460703,0.29577443
-0.23710963,-0.29489893
0.14968657,0.35481647
-1.133529,-0.06469391
-0.5749014,-0.50876814
-0.6878833,-0.20093659
-0.015037976,0.3483255
-0.7935144,-0.44859293
-0.6057703,-0.012909204
1.1646078,1.0276965
-0.21039027,-0.015749779
-0.47914988,0.30119863
0.32531464,0.91050357
-0.018695757,-0.25774598
-0.15956764,0.19854555
0.5697703,0.7967953
-0.5922331,0.3270296
0.6841947,0.9733998
0.5014907,0.54455507
-0.22461021,-0.21726209
-0.8247732,-0.5569515
-0.6293794,-0.067139134
-0.38528416,-0.242778
-0.09343757,-0.38680968
-0.45156178,0.2249313
-0.31182942,-0.7397949
0.058701344,0.08480589
0.60608435,0.9643421
1.1703346,1.3238827
0.45551676,0.25241995
-0.82251376,-0.5607672
-0.7753758,0.913029
0.35144797,0.9228004
0.6884896,1.0683899
0.34739584,0.759994
0.55538297,0.327749
-0.4778585,-0.3853022
0.012593597,0.14420037
-0.8148488,-0.48572606
-0.7223035,-0.47027636
0.36584732,0.2821146
1.2598122,0.8181415
0.47094613,0.57131314
0.07519617,0.5727541
0.22130056,0.49836028
-0.480653,-0.00091731176
-0.31719947,-0.22277556
-0.49351308,-0.42176223
0.058184363,0.020141505
-0.41629943,-0.3719672
-0.5584266,0.35937357
-0.59605354,-0.388227
-0.23296171,0.73067975
-1.0240933,0.5527466
-0.45877928,-0.021413073
-0.040117458,0.9409658
-0.5927811,0.61411613
0.10582622,-0.26771805
-0.637455,-0.2882622
-0.03371136,0.15490799
-0.84846705,-0.8321032
-0.05577196,-0.31661984
-0.5957583,0.15557747
0.60620964,0.6188386
-0.06030979,0.33847114
-0.40772563,-0.41230932
0.3474788,0.23545523
-0.44402364,0.56829053
-0.3199533,-0.24009739
-0.19899021,-0.5364529
0.42539448,0.0011286736
-0.28684348,0.0860133
-0.071616,0.39556473
-0.5712816,-0.27645108
-0.3093941,-0.09410103
-0.81046647,-0.19593093
-0.43871537,0.039493695
-0.41352412,0.7219961
-0.55516535,0.40804553
-0.9123008,0.6547122
-0.02539555,0.38115123
-0.5124494,0.59909064
0.29988113,-0.11494771
-0.7038123,-0.50378144
0.5478959,0.9022716
-0.026953802,0.2852108
-0.103640124,0.3377901
-0.40281844,0.34360597
-0.74785334,0.188567
0.3377392,0.49888763
0.84362394,0.70711607
-0.6653165,0.45746496
-0.26140478,0.4020731
-0.4127086,0.21077353
0.98899466,0.45133033
-0.36053634,0.37177
0.4365285,-0.081137374
0.39228162,0.68173456
0.42320722,0.51864994
-0.49275434,0.07495484
0.36757582,0.3661866
0.42002812,0.75684875
0.07758716,0.37974596
0.1429487,1.0209266
0.022188835,1.0297481
0.32756498,0.6508855
0.29965943,0.4845434
-0.074681625,0.773188
0.05808539,0.570656
0.35675102,0.46333447
-0.4384976,-0.23729993
0.10559685,0.5250832
-0.5932732,-0.53106934
-0.3580576,-0.10806824
0.87365735,0.3312506
0.3958274,0.07365754
0.8951009,0.78809994
-0.13615796,0.50150394
0.20634073,0.5376579
-0.42623204,-0.46202034
-0.017494798,-0.3037347
-0.08269805,-0.21074821
-0.7773484,-0.6755019
-0.6783602,-0.5076172
-0.24519023,-0.4600492
0.081380405,-0.5227899
0.10303922,-0.27167436
-0.7048816,-0.19777979
-0.7665148,-0.68025297
-0.8636968,0.09138757
0.32984218,-0.13593772
-0.08630244,0.18051505
0.12886268,-0.039559387
-0.5721481,-0.18603852
-0.27284282,-0.23535332
-0.6113766,-0.3855191
-0.8089994,-0.3924183
-0.65414816,-0.16711581
-0.47704363,-0.37383902
-0.56379485,-0.41336396
-0.13141254,0.8192111
0.08775891,0.21844181
0.24891767,0.70498556
0.70440644,0.48974228
1.1408833,0.69590867
1.0931814,0.2757647
0.0021440834,0.1657613
-0.02570749,0.15601227
-0.11819091,0.35169184
0.17683302,0.0012730025
-0.7397328,0.12850781
-0.15706521,0.3641063
-0.46683908,0.062490202
-0.5483861,-0.40072614
-0.5364669,-0.5876744
-0.6950753,-0.38790995
-0.3136957,-0.37879986
-0.7551822,-0.60266536
-0.5285487,-0.1150084
-0.21206658,-0.3620872
0.31198543,-0.32517746
-0.7555262,-0.76076597
-0.7950504,0.11738756
-0.39707696,0.026402038
-0.31047767,0.48510233
-0.111652404,0.4962852
0.9413187,0.94635355
-0.5464425,0.15357266
-0.34138542,0.33330214
-0.57306695,-0.31737417
-0.55114627,-0.83356065
0.12067815,0.4365436
-0.34778464,0.34330818
0.13487509,0.08761555
-0.5817826,-0.3512102
-0.3090386,-0.51493335
-0.38058844,-0.30556217
0.7686802,-0.12842259
0.8166893,0.36502615
0.1839047,-0.5048669
-0.24916461,-0.4943706
0.8031864,0.5983758
0.854541,0.53097683
0.80724037,0.667627
0.10433495,0.78432846
0.21313664,-0.07797125
1.2219962,1.0043882
0.19835499,0.5179325
0.6435602,0.54182994
0.18756773,0.59249717
0.49022365,0.73194677
-0.16590607,1.0457009
0.69646466,0.24600719
-0.19702202,-0.09532949
0.29345998,0.40812337
0.46593606,1.0249094
-0.47830367,-0.2418417
0.2915688,0.30607203
-1.2477242,-0.8468149
-0.62390363,-0.07003932
0.8156824,0.2622155
-0.7341411,-0.64560133
-0.31683686,-0.18786211
-0.15446866,-0.022526693
-0.2644966,-0.31228667
-0.36785188,-0.51030636
-0.2513286,0.025320522
1.5130757,0.5497737
0.38428894,-0.28049102
-0.10653606,0.58204085
0.08382732,0.27720633
-0.121002376,0.65797126
-0.37447175,0.29596072
-0.37838778,0.5209048
-0.42973176,0.044937145
0.09064996,0.3159771
-0.41770378,-0.23317814
0.27736548,0.41714746
-0.597881,0.0711647
-0.28176624,0.21687147
-0.3875674,0.03658587
-0.9114306,-0.44068885
0.00022960454,0.9419682
-0.0034157187,0.29331487
-0.320431,-0.14537844
0.1879128,0.38565794
-0.35122558,-0.3085708
-0.5259438,-0.37042454
-0.1515988,0.09698501
0.6933456,0.8998427
-0.05749753,0.044252325
-0.1818971,-0.094794065
0.86905414,0.885675
-0.36967412,-0.19065852
-0.81980795,-0.24241583
0.29432547,0.69502944
-0.3307192,-0.26530066
0.45879662,0.4957086
-0.14628436,0.11139907
-0.023191541,0.7390578
0.008296996,0.46568814
-0.4287093,0.34823003
0.17216936,0.7697224
-0.79437023,-0.2947926
-0.6218695,-0.0051456727
-0.1535243,-0.14068486
-0.43704402,-0.2228741
-0.21781525,-0.021355439
0.18127695,0.6265181
-0.333039,0.33712247
0.3681479,0.30724746
-0.16055049,0.06837441
-0.051556103,0.5746201
-0.007905126,0.41227752
0.07312671,0.89065427
0.042457566,0.61013246
0.24016583,0.62736434
-0.33931386,0.35240498
0.047553286,0.54809874
-0.351802,0.23187208
0.1314941,0.519226
0.10076984,0.59103984
-0.03761,0.45948863
-0.4054711,0.13000827
-1.0099802,0.3416779
-0.66490704,-0.13247208
0.3306421,0.37069485
-0.76588964,0.10546009
-0.08904473,-0.15127237
0.7723192,0.49883306
0.24901238,0.32290757
0.36417738,0.60229504
-0.043368302,-0.2713238
-0.028759137,0.09461729
-0.8129356,-0.078332156
0.064373545,0.4056047
-0.20100966,0.49599487
-0.25346744,0.5657187
0.4155986,0.75617427
0.73741955,0.63586205
1.0868472,0.3216467
-0.8199449,-0.59026986
0.10535449,0.21210548
0.04011911,0.15902938
-0.74699473,0.19383529
0.26119316,0.093037665
-0.1691002,-0.14570145
0.39095244,0.7041657
-0.4298967,-0.47307777
-0.2696099,0.5182789
-0.003892541,0.22091176
0.06540726,0.017876185
0.08785595,0.8561819
0.11912905,-0.26597813
-0.24957967,-0.06536785
-0.5327014,0.3976211
-0.8031216,-0.9162381
0.040094435,0.54371405
0.3614884,0.16610686
0.26673156,0.25291568
-0.29749188,-0.4022725
0.4434007,0.23016942
-0.0665614,0.12081922
-0.15342051,0.040884595
0.117916,-0.06396295
0.050044417,0.64425874
0.29331657,0.086799264
0.13172738,0.3872176
-0.18423033,0.46344906
0.46016717,0.5685153
-0.24466714,-0.5262698
-0.09435429,0.45851558
0.61705244,0.82401896
-0.035730347,0.5999761
-0.49506977,0.56906456
-0.6077802,-0.1092053
0.5026239,0.48394072
-0.32555714,-0.50238776
-0.3006981,0.6296998
-0.6449346,-0.28687182
0.5632334,0.31056678
1.1283785,0.87310404
0.91122246,0.51099193
0.211208,0.861675
-0.39546445,0.48353416
0.06095603,0.9590482
-0.6530524,-0.2963407
0.45291597,0.7662286
0.15374881,0.63022125
-0.51078516,0.5587342
-0.053228013,0.74826205
-0.7497235,-0.26305613
-0.4769065,0.69356805
-0.28683168,0.81440413
0.738873,0.47519234
0.987611,0.35177642
-1.0224804,-0.49341983
-1.1078261,-0.47294876
-0.14894065,-0.5687984
0.6114032,0.20196085
-0.42001152,0.267093
0.41467702,0.5318125
-0.16060278,0.52363205
-0.03723357,0.4394974
-0.1463556,0.52663136
-0.30114794,-0.00699538
-1.2622018,-0.771821
-0.028883338,0.6106118
0.39278853,0.85098445
0.36664736,0.62218547
0.66743505,1.1211828
0.0319409,0.57774854
0.6108891,1.0167778
-0.026014041,-0.11393803
-0.05913347,-0.3928173
-0.05015511,-0.28450972
0.61021787,0.4982471
-0.18494791,-0.336087
-0.44136503,0.07308141
-0.43008554,0.07291027
-0.6218962,0.24749304
-0.33635512,-0.30403456
-0.18285164,0.41486034
-0.22066098,0.4552355
-0.27247208,0.3575318
-0.85903126,0.012144133
0.1670376,0.01562456
-0.45144123,0.076727524
0.66332793,0.40340707
0.76229215,0.5799582
-0.3297986,0.090017706
0.46019763,0.14988679
0.026473224,0.48240668
1.0898597,0.23907892
-0.07690458,0.017024342
-0.7913827,0.7981884
-0.79715765,0.60230476
-0.11783846,0.4061856
-0.7304269,0.33514854
-0.417336,0.38321492
-0.77249813,0.5353162
-0.71666545,0.64372593
0.024436787,0.18751082
0.17136213,0.52370125
-0.3115027,0.63443846
0.50293446,0.24823502
-0.27618742,0.5433584
-0.004205011,0.3072529
-0.0060017332,0.5582733
0.0012784749,0.35196924
0.6591787,0.25651163
0.426663,0.78579456
0.22135718,0.58740807
0.346145,0.16497883
-0.52113926,0.05981788
-0.88544834,-0.7190998
-0.60656846,0.06038013
0.25861007,0.7756737
-0.18185562,0.06592706
0.25608656,0.4977575
-0.9239794,-0.2169457
0.27718854,0.19872555
-0.67102355,-0.050490852
-0.28933734,-0.02415471
-1.0314234,-0.2673132
-0.0076792836,0.027685765
-0.66331375,-0.14458294
-0.9667717,-0.41726607
-1.1001067,-0.22493383
-0.599161,-0.34967074
-0.21341926,0.15267062
-0.5071208,-0.34572315
0.3863359,0.06856937
0.12383798,-0.1134008
-0.34800267,-0.45713806
0.47693956,-0.17408487
0.025423534,-0.6051274
-0.85742384,0.20089518
-0.33678457,-0.25966167
0.35404155,0.29597884
0.44609064,0.85627615
0.29014403,0.7245243
0.5495824,0.71939963
0.32456726,0.07258631
0.37212896,0.58405423
0.98296493,1.0153311
0.10161027,0.6588672
-0.11649309,0.4603971
-0.91453695,-0.17730212
-0.6746645,0.111577384
-0.0864418,0.5802458
-0.78538,0.65908664
-0.44225612,0.2317754
-0.33079407,0.5843414
-0.20725103,0.21192229
-0.22400633,0.6302238
-0.54421365,0.17547323
-0.51773006,0.51264566
-0.26383778,-0.3639005
-0.20110944,-0.10379258
-0.42052263,-0.12845916
0.5092343,0.8566848
-0.22923477,-0.052379005
-0.39230728,0.7452494
-0.3156681,-0.32754415
0.5202638,0.5211868
-0.38848203,0.038270436
0.6112257,0.8332446
-0.054742187,-0.29579383
0.23555678,0.07349255
0.22221312,-0.4888746
0.9832276,0.82926023
-0.5429745,0.41831666
0.17618945,0.29714358
-0.27670443,-0.20088643
0.6249817,0.9393537
0.6933774,0.53068024
-0.32476094,0.82074356
-0.120623134,0.97423875
-0.23615785,-0.15263103
0.058271483,0.03114846
-0.78813386,0.13822904
0.018823706,0.72157854
-0.42526856,0.54605645
-0.39843196,0.74031854
-0.4623402,0.20648657
-0.13126177,0.8855594
-0.24785617,0.71523565
-0.010286562,0.5395873
-0.06416013,0.52113265
0.36456472,0.6641589
-0.50873274,-0.4428361
-0.3666881,0.24817275
0.07150306,0.37330133
0.28287935,0.63583094
-0.43342656,-0.105089396
-0.14636645,-0.32453933
-0.50874126,-0.05915238
0.26944697,0.86013234
-0.26374972,-0.27087635
0.6508293,0.833372
-1.0327501,0.4414771
-0.10772321,0.036281016
-0.67821646,0.6520571
-0.17901465,0.49166563
-0.13550048,0.353435
0.14980543,0.45522398
0.16389994,0.43552205
-0.5684439,-0.272324
0.7250226,0.49728557
-0.4331629,-0.069334626
-0.78089845,0.06944911
-0.2726609,-0.29110232
-0.42179736,-0.06657791
0.18332207,0.18076165
-0.12866089,0.3751323
0.21993743,0.7132577
-0.78000456,0.05686429
-0.11513803,-0.23051699
0.47087294,0.80506504
-0.4988307,-0.26674515
0.56263685,0.7338097
-0.45480382,0.27687865
-0.8693164,0.07322836
-0.20223863,0.16910277
0.22989005,0.42584074
-0.806274,0.059527267
-0.05172547,0.457631
-0.20039666,0.17423788
0.1139374,0.3036692
0.24590626,0.49893594
0.54956937,0.34336132
0.9880588,0.40535313
0.5202171,0.4946026
0.23795158,0.48671734
-0.16391996,0.08266246
-1.2918478,-0.680094
-0.57503647,-0.46100003
0.44027832,0.39591706
0.32958743,0.3424697
1.1169837,0.22057876
1.0525548,0.97995377
0.12572454,0.22474252
0.59368855,0.61095786
0.20660792,0.60952234
0.4339609,0.012242127
0.5547342,0.52002925
0.44225717,0.5588352
0.40553802,0.13622029
0.5127309,0.65459585
-0.16829222,0.15869841
0.5602442,0.53722566
0.20595896,0.011739183
-0.30173054,-0.23588593
0.1268839,0.55144256
0.079534225,0.025414959
-0.40258503,-0.92619115
0.08821624,0.50559247
-0.678622,-0.29999995
-0.89815253,-0.73358554
-0.6826019,-0.36468932
-0.78816736,-0.6325407
-0.96985304,-0.6891685
-0.60822076,-0.5334186
-0.0013746321,0.43392897
0.002106972,0.32421458
0.49298897,0.03725322
0.46088138,0.38418263
0.043551378,0.7063356
-0.16149172,-0.05039195
-0.13664423,0.010397699
0.09948076,-0.25592
0.2649747,0.043361
-0.37178838,-0.12737224
-0.64526373,0.18436971
0.69531083,0.72148174
1.1424667,0.45267853
0.1616142,0.20516507
-0.7557887,-0.45340374
0.11250456,0.877018
-0.4343201,-0.35929358
0.48930967,0.5902423
-0.91600776,-0.5217787
0.31876048,0.14918348
-0.52722234,-0.11098267
-0.8764592,-0.8223808
0.7246853,0.43761554
0.5487043,0.6744704
-0.86334723,-0.71918803
0.49072248,0.119767696
-0.11212208,-0.057988692
-0.3444981,0.11690314
0.55010194,0.74564964
0.5551729,0.1674097
-0.38054258,-0.22728458
-0.32942486,0.6790405
-0.94476306,-0.3728446
0.07507459,0.2417347
-0.30998293,0.60391235
-0.72695434,0.1606184
-0.17865133,0.70440716
-0.64404947,0.28561583
-0.041694984,-0.39354536
-0.0017887279,0.3393246
0.20246986,0.13418569
0.98203844,0.42052644
0.6969047,-0.13477804
0.021731727,-0.25072908
-0.4356805,-0.81119
0.7136898,0.2846072
-0.6472061,-0.77334183
-0.13966292,-0.13984
-0.7514661,0.7970098
-0.6198868,0.692696
-0.70458347,0.56939435
-0.216856,0.5152193
-1.1440749,0.66345114
-1.2326708,0.03530729
-0.9081218,0.07503048
-1.1351018,0.512696
-0.54844654,0.12026714
-1.113268,0.31106064
-0.8645946,0.21542126
-0.57071376,0.59562224
-1.1187185,0.021761365
-0.8662371,0.5005213
-0.7537839,0.30690432
-0.7691715,0.41986656
-1.0897744,0.3323468
-0.55120885,0.35620362
-0.96038115,0.39144465
-0.7756319,0.646609
-0.91064477,0.42880857
-0.7893578,0.72065103
-0.9029162,0.31175816
-0.7749569,0.31945497
-1.1544988,-0.04314889
-0.9817653,0.27317822
-0.71256703,-0.2755475
-0.57859105,0.0127880275
-0.18270563,0.43011266
-0.9350783,-0.17685789
-0.6241948,0.31474265
-0.96273214,0.21154836
-0.8258118,0.07730924
0.30587167,0.45806617
0.2382398,0.25376758
-0.5940634,-0.122106075
-0.26773083,0.09297697
-0.40020347,0.5219204
-0.45105034,-0.12578215
-0.16508463,0.22190522
-0.1563099,0.46001112
0.20232919,0.5533942
-0.070000336,0.46755356
-0.027625196,-0.13409021
-0.4565226,0.3789503
0.70986307,0.3522434
-0.11182556,0.8699731
-0.29861903,-0.46196678
0.026937112,-0.005825307
-0.15160255,-0.10274255
-0.01923012,0.11283183
-0.42054516,-0.18224138
0.1381705,0.45185328
0.29900005,0.40713912
-0.07674777,0.17367162
-0.45589986,-0.26414192
-0.9505399,-0.5657408
-0.826957,0.5952389
-0.067546666,0.28435236
-0.08070798,0.62185276
0.008762963,0.6461003
1.0256635,0.6412655
-0.44092536,0.6107837
-0.25873432,0.22101979
-0.29238588,-0.42452487
0.10042857,0.4122956
0.39135784,-0.09806479
0.38272303,-0.057461135
0.5503835,0.28166977
0.5849878,0.13430926
-0.69523066,-0.6080771
-0.10437176,-0.4189973
0.042834833,-0.32083836
0.10726201,-0.3047509
0.19410408,0.5090358
0.16772404,-0.1903593
0.041254282,-0.24094361
-0.42331654,0.020931184
-0.22418924,0.16733597
0.16636017,0.8107746
0.722607,0.33814225
-0.43383652,-0.13583176
0.740116,0.96252775
-0.80562073,-0.4112813
-0.06257884,0.10637601
-0.08526273,0.4501729
-0.37784797,0.5546574
0.1771152,-0.22600214
-0.24596566,-0.39270297
-0.59719414,0.11119349
0.17341653,0.56220865
-0.6422371,-0.18056518
0.49701592,-0.0329062
0.097201765,-0.0040625446
-0.30583856,-0.15410224
0.61933935,0.25487947
-0.38612896,-0.6473276
-0.7027771,-0.3769669
-0.49204397,-0.25617617
-0.681781,-0.31375128
-0.027751587,0.015256628
-0.19625986,0.53048795
0.8869166,0.53302395
1.0970107,1.0479797
1.1733683,0.8784516
-0.330319,0.355107
-0.78566504,0.37456986
-0.79938847,0.35042387
0.025837652,0.37004834
-0.23110105,0.37685484
-0.40849575,-0.039140686
0.054842696,0.65610546
-0.60184145,0.53247696
-1.0154138,0.48978233
-0.87999815,-0.1873784
-0.040752567,-0.010376036
0.699429,-0.04516797
0.8420047,0.66066414
-0.69910765,-0.15951455
-0.25149316,0.5315133
-0.044992015,0.40079385
-0.118273616,-0.3056513
-0.12264141,-0.13763095
-0.017396107,-0.20689109
-0.12306183,0.43640476
0.22166184,0.68543553
0.5204162,0.7605741
0.3480908,0.38306275
0.3533456,0.12474133
0.8638393,0.37893897
0.62190014,0.3496186
0.35357538,0.6384317
-0.3577572,-0.63260293
-0.37278414,0.3577692
0.5385369,0.43835437
-0.48581868,0.60342324
0.33316737,0.6557293
-0.20891635,0.76557666
-0.34087485,0.7640351
-0.24686795,-0.5084574
-0.862478,0.17001945
-0.37832093,0.6432264
-0.83717245,-0.9167623
-0.33348107,0.58602935
-0.9213709,-0.18648003
0.090182856,0.6645095
-0.0421997,0.5507316
-0.1040419,0.03024175
-0.8395145,0.2159938
-0.7705264,0.21495497
0.1676832,-0.31330737
-1.1177888,-0.16978979
0.64396447,0.18116665
-0.24343774,0.59601694
-0.3036968,0.7765431
-0.29615638,0.45852387
0.06209012,0.51000404
0.24302876,0.45881373
1.2488992,0.6467188
0.38544276,0.06689654
0.34466097,0.7193941
0.66787934,0.7046396
-0.47306645,-0.34827793
0.42500204,0.61931765
0.80169624,0.8443175
-0.16619329,0.8930263
-0.24562362,0.25478584
0.65748096,0.5595333
0.41430974,0.38998145
0.05865158,0.5986057
0.6169606,0.8705365
0.4212038,0.70699847
-0.083077684,0.5550304
-0.031637587,0.36459446
-1.129189,0.3764028
-0.26950273,0.22424668
0.97502774,0.6590473
-0.70357364,-0.45246923
-0.18029279,0.7977577
-0.7051889,-0.5205704
0.9083403,0.67012024
-0.62286896,-0.4939738
0.4471251,0.5844873
0.32576358,0.8972132
-0.50791234,-0.07097092
-0.5500167,0.19124925
-0.26171127,-0.20168908
0.5550574,0.49853936
-0.6490722,-0.63256776
0.10792136,0.6282613
0.47224098,0.2495498
-0.09890425,0.6037415
0.0014816672,0.53433645
0.4259135,0.16909316
0.051436953,0.06679541
-0.21166758,-0.23963004
-0.38541797,-0.4698791
1.2125587,0.93641233
-0.11844671,0.08664922
-0.12881576,-0.21707866
-0.12629288,-0.15342116
-0.15687685,-0.101351574
-0.6188045,0.29888812
-0.2199789,0.5785845
0.0026365817,0.51876575
-0.37760383,0.4626988
-1.0009712,0.7705478
-0.2741293,-0.08470607
-0.21553388,0.009536173
0.48695722,0.4336328
0.22391549,0.52056885
0.21385962,0.27881387
-0.37202024,0.6509274
0.79463196,0.32429948
0.8980123,0.5627138
-0.07444135,0.49071118
-0.51150763,-0.023723051
0.24077795,0.56305736
0.29058456,0.77064884
0.44338208,0.6237757
0.23079261,0.63875246
0.7279717,0.17745824
0.3674736,-0.06517565
0.39529753,0.58656585
0.14806712,-0.14879316
-0.33840358,0.23375031
-0.59312546,-0.08781831
-0.82419276,-0.09126056
0.338377,-0.21224023
0.6363249,0.59633255
0.26892722,0.81087667
-0.27925488,0.45422104
-0.045235217,0.14443947
-0.86562586,0.68140566
-0.80344236,-0.120160975
-0.6283377,-0.18256533
0.778297,0.7860239
0.0555975,0.17881845
0.26829776,0.3924715
-0.32774213,-0.39931703
0.2524785,-0.6053186
1.0655398,0.098131955
0.23300202,0.09506769
-0.02024702,0.3430093
-0.7482649,-0.3182523
-0.31286183,0.4716589
0.4792534,0.31331336
-0.30985734,0.54776025
0.05036202,0.082188755
-0.71710795,0.112293884
-0.49629885,0.2941313
0.57701856,0.86871046
-0.6906098,0.77785033
-0.31305435,0.92917657
0.3747657,0.63246346
-0.22932304,0.6143776
-0.7661032,-0.26185882
-0.44743666,0.0073020197
0.32764226,0.2920262
-0.5662578,0.042128414
-0.76430786,-1.0066634
-0.14572233,0.17833382
-0.33960873,-0.35247096
0.61103344,0.9342893
-0.20437455,-0.09508237
0.48527214,0.0017944872
-0.21494848,-0.47886172
-0.1097276,0.023785096
-0.37776935,-0.7565296
0.4777716,-0.1770889
-1.0519233,0.057263453
0.44170135,0.011125535
0.7095026,0.40328977
0.26011077,0.15154836
0.56383777,0.35747504
-0.98674864,0.7206134
-0.11865889,0.5243054
-0.98153377,0.9931919
-0.64114124,-0.9283941
-0.75952137,0.35621443
-0.0009339601,0.2501524
0.3139123,-0.3367585
-0.26493302,0.23570544
-0.25728095,0.022456624
-0.9469396,-0.5908535
0.11628368,0.88945365
-0.52029765,0.06457591
-0.0190178,0.40455586
0.013870478,0.32285038
-0.59126437,-0.116717905
-0.42089072,0.44815403
-0.62838805,0.392714
-0.3281282,0.004873596
0.8220247,0.42115188
-0.48003656,0.07738612
-0.282636,-0.3619054
0.44228274,0.7674647
-0.07520275,0.45483196
0.1601654,0.9026195
0.5126715,0.8263401
0.16013911,0.29356074
0.08394291,0.097764
-0.8727495,-0.29467365
-0.11394167,0.7998979
0.045432344,0.4514407
-0.65497,-0.39366025
0.8547543,1.1221534
-0.5578591,0.3943809
0.49853843,0.5974932
-0.785709,0.55534524
0.07772994,0.3026111
-0.4069798,0.13890558
0.9864384,0.65604883
0.24867043,0.6445396
-0.6662532,-0.12228445
0.8502413,0.41338024
0.47957408,0.315485
0.30729818,0.30995634
0.45546782,0.36204875
0.39510226,0.72625154
-0.026346065,0.3072523
0.6123818,0.98436505
-0.99239415,0.040839504
0.22144724,0.63584834
0.54918694,0.50356513
0.29736352,0.37224835
0.10080344,0.49807572
-0.0865106,0.7105369
0.063232794,0.8129393
0.32284898,0.76034576
-0.02991657,0.70565957
0.25389242,0.29342923
-0.5206167,-0.3867611
-0.00442262,-0.017360616
-0.15765008,0.5621043
-0.48496974,-0.77411443
-0.5308893,-0.40848505
-0.48758733,-0.4950105
-0.331736,-0.45312154
-0.4407155,0.0103999
0.032848984,0.39011294
-0.23224548,0.16283241
-0.1261372,0.61855716
-0.7880763,0.10877602
-0.1892412,0.3853177
-0.47366807,-0.20384201
-0.56359476,-0.059390754
0.26968664,0.6284812
0.5615281,0.7679255
0.5526637,0.55897075
0.3568702,0.49332112
-0.26706907,0.23986116
-0.3881722,0.37370712
-0.25661933,0.09893834
-0.67532134,0.20173922
-0.58054185,-0.32038367
-0.35646355,-0.21515025
-0.19828245,0.16701654
0.3466841,0.5226678
0.12798044,0.31099918
-0.28047103,0.02888336
-0.49505463,-0.24771394
0.32797694,0.4119373
-0.28427115,-0.25701222
-0.2900461,0.025511552
0.3714941,0.14622009
-0.8957625,-0.29808325
0.5309048,0.3105901
0.10412477,0.007502241
-0.21640909,0.0039383285
-0.25226933,-0.021353746
0.38479772,0.41842136
0.7622718,0.5223869
0.19342859,0.79006225
0.2165373,0.5569211
-0.003921017,-0.06053538
-0.27000535,0.2816019
0.63993555,0.6304317
0.5643112,0.04333985
0.24865437,0.24173105
-0.18190402,0.58928627
-0.44644615,0.0038534217
0.27559662,0.34803724
-0.6999975,0.4155762
-1.1460359,0.23951045
-0.9028533,0.052551966
-0.9673436,0.17453396
-0.075646065,0.09021954
1.0898365,0.91560066
0.30839688,0.36173975
0.5555655,0.6284567
-1.3308499,0.1691924
-1.0922256,0.35739192
-0.64897114,0.5802138
-0.83849347,0.42865336
-1.1985109,0.21995297
-1.416181,0.38366812
-0.6537011,0.28517032
-1.4791324,0.41515797
-0.98331255,0.584932
-0.7876306,0.39724606
-0.7633007,0.42726907
-0.6214936,0.4286689
-0.9975703,0.7239072
-1.2416496,0.58731353
-1.0848931,-0.23106979
0.5458499,0.6803613
0.3590994,0.50724155
0.50642073,0.41794318
-0.79830194,0.65199083
-0.38993025,-0.1827279
0.045475245,-0.15322284
-0.02423475,0.23263544
0.016560532,-0.44759953
-0.5552636,-0.36360064
0.42812568,0.28067037
-0.36610064,0.061532676
-0.45856223,-0.30961695
-0.50706434,0.021044515
-0.80396783,0.35808015
-0.41308144,0.14849147
-0.10204071,0.3095413
-0.029206648,0.6525173
-0.6613217,-0.71547
0.16789989,0.14584908
1.070403,0.5683521
-0.2654658,0.044995338
-0.24005184,-0.16947918
-0.5144326,0.2927789
-0.13661928,0.17426203
0.21745658,0.18193431
0.32548872,0.20258728
-0.20854656,-0.19325072
-0.2932326,0.15600777
-0.1231208,0.117062405
-0.7272799,0.607731
0.11377801,0.895389
0.6431019,0.7894981
0.065932505,0.8728781
-0.08766321,0.17478773
0.4540007,0.74750113
-0.4874232,0.080813356
-0.43072152,-0.14414977
0.8525546,0.9712069
-0.6252831,-0.565446
0.00090642273,-0.21931888
-0.48955482,-0.4548587
-0.5339033,-0.43470365
-0.6684048,0.09823596
0.48905256,0.55886984
-0.6256007,-0.40099275
-0.6077972,0.613217
0.659375,0.3996266
0.3344347,0.031154793
0.34593534,0.2765879
-0.5127421,-0.11530177
-0.10735758,0.31575784
0.14547247,0.48405358
0.17154106,0.3296187
-0.24914658,0.33335894
-0.6212275,0.18502969
-0.63392305,0.24095206
0.02076304,0.34544587
-0.57440084,-0.78877985
-0.6648316,-1.069954
-0.16489747,0.5243319
-0.38604736,-0.287326
-0.25663924,0.4297305
0.44533515,0.7976319
0.28669456,0.18547055
0.97429234,0.8147484
-0.059258506,0.060031295
-0.30271286,-0.05665019
0.19349022,0.111336514
0.08300414,0.39630994
-0.6906267,0.27891752
-0.98743105,-0.29083982
-0.090564765,-0.015006732
-0.41031626,-0.27123398
-0.9936798,-0.62252367
-0.23619163,0.68042326
0.5428741,0.5939687
-0.026949316,-0.42859766
-0.38753656,-0.30263296
-0.8714694,0.5555941
-0.7985916,0.061028443
-0.35665023,0.49804392
-1.314929,-0.83011335
0.12069883,0.43190458
-0.42685843,0.9211322
0.7255523,0.7343325
-0.445406,0.20285785
-0.526108,0.28617263
-0.23274562,0.6480136
0.022571146,0.76302445
-0.48259714,-0.0275647
0.029606432,0.42291343
-0.8284841,0.081277646
-0.66721886,-0.04435502
-0.23586702,0.27470517
-0.6078945,0.07161017
-0.44350123,-0.4418012
-0.37811613,0.38435024
-0.522396,0.48571765
-0.5645481,0.28349334
-1.475935,-0.33429268
-0.5125834,0.4913884
-1.0984093,0.49395216
-0.026068449,0.43927842
-0.034904644,0.40048182
-0.86130905,0.18720926
-0.53317726,0.37194845
0.044552237,-0.111791626
0.47958624,0.29114267
0.0075341538,0.2116838
-0.3554329,0.16691029
0.132561,-0.15256995
-0.06706402,0.54985726
-0.23638403,-0.5379749
-0.41918498,0.23556106
-0.50935525,0.4045622
0.6429455,0.6193799
-0.44390026,-0.4491119
0.20995544,0.50384235
-0.1552863,-0.21322788
0.6347662,0.38603455
0.39832896,0.84456354
-0.52347875,-0.2949906
-0.21431585,0.5287358
-0.20704979,0.13565648
0.30746424,0.40195772
0.2643878,0.5156535
0.36875194,0.30343294
0.7595426,0.6282245
0.67384005,0.79161274
0.08878768,0.28144696
-0.35372493,-0.50337666
0.63417387,0.40424106
0.008654937,0.48791888
-0.6724351,0.20214427
0.050104715,0.52625996
-0.56177545,-0.062889256
-1.1643705,-0.46072516
0.67821956,0.76540434
0.5057932,0.8155755
0.07029265,0.890268
-0.11725816,-0.29118854
-0.24476092,0.2672173
-0.4213816,0.104711875
0.15509251,0.3036523
-0.5803004,-0.007020626
-0.5972892,-0.06714189
-0.26252794,-0.17732784
-0.61985123,0.18864103
-0.35682186,0.24833933
-0.37389094,0.6463025
-0.3622636,0.38327852
-0.51914716,0.49271068
-0.27648187,0.47506455
-0.10767539,0.34244555
0.093119785,0.49844307
-0.26958162,0.60608464
-0.9786648,0.6738383
0.14314352,0.17357975
-0.31198832,0.48215166
-0.7872751,0.8986092
0.17637351,0.86175287
-0.14317489,0.084905595
0.4988759,0.7691816
0.45051587,-0.03656043
0.83349407,0.08915379
-1.0402497,-0.19127366
-0.674335,0.6415864
-1.1191992,-0.23259063
-0.33483958,-0.19185418
0.16067046,0.37385336
-0.25860465,-0.08531007
0.14165406,0.39821768
0.1103539,0.5242065
0.32897788,0.6461638
0.56716925,-0.13686939
0.14844832,0.1884191
-0.6938306,-0.55576783
-0.20729865,0.3778572
0.26730978,0.40370393
-0.18553957,-0.34440684
0.041592717,0.5635296
-0.13920735,-0.1228875
-0.3280218,-0.3694064
-0.37934327,-0.4153332
-0.5443988,-0.5425755
0.41396314,0.3330376
-1.0068147,-0.2743436
-1.0505418,-0.70338786
-0.97574425,-0.28739315
-0.8411981,-0.29948372
-0.38974643,0.24694675
-0.095831454,0.4046604
-0.8573817,-0.6229471
-0.22348993,-0.2855337
-0.35241702,-0.4176535
0.15853524,0.5100476
0.38942784,0.72280806
0.2722144,0.8905079
0.74670416,-0.20213872
-0.10704604,0.25876862
-0.21679673,-0.3335249
0.37572762,0.63792884
-0.44348982,-0.26072654
0.15287626,-0.19446543
-0.5063161,-0.48378605
0.3224966,0.08666201
0.20082393,1.0493208
-0.9045039,0.08103252
-0.7591648,-0.61265147
-0.22175065,0.5841286
-0.79750365,-0.719784
-0.20657451,0.7290093
-0.17930931,0.743926
-0.083868265,0.19702767
0.26749593,-0.2858974
0.2849497,-0.17448686
-0.24920364,-0.013525648
0.4981628,0.090330824
-0.7144344,-0.006791275
-0.87225163,-0.45840526
-0.29577568,-0.42598918
-0.36166042,0.2172749
0.65169895,0.42319363
-0.2381661,0.8222043
-0.20699489,0.13237241
-0.9061396,-0.020579975
0.39208835,0.41430297
-0.19796938,-0.42356366
-0.018043041,0.1162478
0.56281614,0.47423324
-0.052956358,0.8662278
0.08528072,0.27390158
0.26156902,0.34359777
0.20560834,0.029739365
0.27252263,1.0100843
0.081717394,0.62449324
-0.35089743,-0.06974507
-0.80520344,-0.37155172
-0.5369969,0.2246638
-0.25475755,0.56921834
-1.0808558,0.44587675
-0.622955,0.8131325
-0.20416163,-0.31064528
-0.67987335,-0.15370396
0.06485199,-0.28102148
0.34264928,0.4225515
-0.431275,-0.8366917
-0.41036823,-0.3782333
-0.050392903,0.45957905
-0.57042384,0.41989824
-0.6570622,0.8120558
0.95038295,0.6714334
0.6637659,0.2618412
